Branch,RMSE_AB [A],RMSE_ZOH [A],Mean True [A],Std True [A]
0,0.049787386260006714,0.03912760633922945,3.0,0.0
1,0.07348126929404641,0.05958587274329667,5.990999999999998,0.1596807670585941
2,1.974983329328222,1.9587131346932865,2.4366666666666665,1.9517485038350155
3,0.09172848955966231,0.08740658847318208,2.7712812921102037,1.0900000618131411
SUM,1.9899963765148556,1.9702422849633123,14.198947958776868,2.2398991763599754
